"Marca temporal","Nombre de usuario","Razón Social","Actividad económica principal:","Numero de Empleados","Ingresos brutos mensuales","¿Ha escuchado hablar de la Industria 4.0?"," Si ha escuchado hablar de la Industria 4.0 : ¿podría definirla en sus propias palabras?
","¿La empresa tiene acceso a internet?","   ¿Qué tipo de conexión a internet tiene la empresa?","  ¿Cuál es la velocidad de la conexión a internet de la empresa?","¿La empresa utiliza alguna de las siguientes tecnologías 4.0? (Seleccione todas las que apliquen)"," ¿La empresa utiliza correo electrónico?","¿Cuántos empleados de la empresa tienen una cuenta de correo electrónico?"," ¿La empresa utiliza redes sociales?
","¿Cuáles redes sociales utiliza la empresa? (Seleccione todas las que apliquen)"," ¿La empresa utiliza software de gestión empresarial?","¿Qué tipo de software de gestión empresarial utiliza la empresa? (Seleccione todas las que apliquen)","¿La empresa utiliza software de seguridad informática?","¿Qué tipo de software de seguridad informática utiliza la empresa? (Seleccione todas las que apliquen)"," ¿La empresa realiza comercio electrónico?","¿Qué tipo de comercio electrónico realiza la empresa? (Seleccione todas las que apliquen)","¿Cuáles son las principales barreras que enfrenta su empresa para la adopción de la Industria 4.0? (Seleccione todas las que apliquen)"
"2024/04/11 7:12:43 p. m. GMT-5","","Pure Beauty ","Comercio","1","500000","Sí","automatización industrial, IA ","Sí","Ambas","Más de 100 Mbps","Ninguno","No","Ninguno","Sí","Instagram","No","Ninguno","No","Ninguno","Sí","Redes sociales","Falta de recursos financieros"
"2024/04/13 6:57:21 p. m. GMT-5","","Ka calzado ","Calzado","3","30000000","No","","Sí","Ambas","Entre 1 Mbps y 10 Mbps","Computación en la nube","Sí","2 ","Sí","Facebook;Instagram","Sí","Software de contabilidad;Software de facturación;Software de inventario;Software de gestión de clientes (CRM)","No","Antivirus","Sí","Tienda online propia;Redes sociales","Falta de conocimiento o información"
"2024/04/14 12:58:03 p. m. GMT-5","","Aranda Calzado ","Calzado","5 ó Más","12000000","Sí","Son tecnologías que buscan ampliar el nicho de mercado de los negocios, cómo el uso de redes sociales para ventas o la automatización de los procesos ","Sí","Ambas","Entre 10 Mbps y 100 Mbps","","Sí","5","Sí","Facebook;Instagram;WhatsApp ","Sí","Software de contabilidad;Software de facturación;Software de inventario","No","","Sí","Tienda online propia;Redes sociales","Falta de recursos financieros;Falta de personal capacitado;Incertidumbre sobre los beneficios"
"2024/04/14 7:01:11 p. m. GMT-5","","Cosméticos y fantasías taty","Comercio","2","3000000","No","No he escuchado","Sí","Conexión fija","Entre 1 Mbps y 10 Mbps","","Sí","2","Sí","Facebook;Instagram","No","Software de contabilidad;Software de facturación;Software de inventario","Sí","Antivirus","Sí","Redes sociales","Falta de conocimiento o información;Falta de personal capacitado"
"2024/04/14 7:06:17 p. m. GMT-5","","Alejandro store","Comercio","1","3000000","No","","Sí","Ambas","Menos de 1Mbps","","No","No","No","","No","","No","","No","",""
"2024/04/14 7:11:26 p. m. GMT-5","","Tienda mixta doris","Comercio","2","10.000","No","","Sí","Ambas","Entre 1 Mbps y 10 Mbps","","Sí","Tiendamixtadoris@gmail.com","No","","No","","No","","No","","Falta de conocimiento o información"
"2024/04/15 9:59:40 a. m. GMT-5","","Panadería la castellana ","Comercio","5 ó Más","1'400.000","No","No tengo idea ","Sí","Conexión fija","Entre 10 Mbps y 100 Mbps","Nada de eso","Sí","Todos","Sí","Facebook;Instagram","No","Office  ara inventarios","No","Antivirus","No","Redes sociales","Falta de conocimiento o información;Falta de recursos financieros;Incertidumbre sobre los beneficios"
"2024/04/16 7:31:46 p. m. GMT-5","","","Calzado","5 ó Más","4000000","No","No he escuchado sobre el tema","Sí","Conexión fija","Más de 100 Mbps","Computación en la nube","Sí","3","Sí","Facebook;Instagram","Sí","Software de gestión de clientes (CRM)","Sí","Antivirus","Sí","Tienda online propia;Redes sociales","Falta de conocimiento o información"
"2024/04/16 8:53:44 p. m. GMT-5","","WorldFit Col","Comercio","1","1500000","No","","Sí","Conexión móvil","Entre 10 Mbps y 100 Mbps","Internet de las cosas (IoT)","No","1","Sí","Facebook;Instagram;Tik Tok","No","Ninguno","No","Ninguno","Sí","Tienda online propia;Redes sociales","Falta de conocimiento o información;Falta de recursos financieros;Dificultad para acceder a la tecnología;Incertidumbre sobre los beneficios"
"2024/04/17 9:36:50 a. m. GMT-5","","Comunicaciones Tomás ","Comercio","5 ó Más","$10.000.000","No","No tengo conocimiento ","Sí","Ambas","Entre 10 Mbps y 100 Mbps","Computación en la nube;Software de facturación ","Sí","Todos o la mayoría ","Sí","Facebook;Instagram","Sí","Software de contabilidad;Software de facturación;Software de inventario","Sí","Antivirus","Sí","Redes sociales","Falta de conocimiento o información;Falta de personal capacitado"
"2024/04/17 2:01:16 p. m. GMT-5","","","Calzado","5 ó Más","3.500.000","No","No he escuchado sobre eso","Sí","Conexión fija","Entre 10 Mbps y 100 Mbps","Programas de inventario","Sí","8","Sí","Facebook;whatsapp","Sí","Software de inventario","No","","Sí","Redes sociales","Falta de conocimiento o información;Falta de personal capacitado;Incertidumbre sobre los beneficios"
"2024/04/17 7:07:54 p. m. GMT-5","","Calzado Salma","Calzado","5 ó Más","4000000","No","","Sí","Ambas","Más de 100 Mbps","Computación en la nube","Sí","3","Sí","Facebook;Instagram","No","Software de gestión de clientes (CRM)","Sí","Antivirus","Sí","Tienda online propia;Redes sociales","Falta de conocimiento o información"
"2024/04/17 7:25:25 p. m. GMT-5","","Textilium Solutions","Textil, Confecciones","4","4.500.000 ","Sí","La ""industria 4.0"" es la cuarta revolución industrial, donde las tecnologías digitales como la inteligencia artificial, el internet se implican en los procesos industriales","Sí","Conexión móvil","Entre 10 Mbps y 100 Mbps","Computación en la nube","Sí","1","Sí","Facebook","Sí","Software de facturación;Software de inventario","Sí","Antivirus;Cortafuegos","Sí","Tienda online propia","Falta de conocimiento o información"
"2024/04/17 7:39:54 p. m. GMT-5","","Maylu style's","Comercio","4","4000000","No","","Sí","Ambas","Entre 10 Mbps y 100 Mbps","","No","4","Sí","Facebook;Instagram","No","","No","","Sí","Redes sociales","Falta de conocimiento o información;Falta de recursos financieros;Incertidumbre sobre los beneficios"
"2024/04/17 8:15:34 p. m. GMT-5","","SUPERMERCADOS BETEL","Comercio","5 ó Más","100000000","Sí","Ultimas tecnologías","Sí","Ambas","Más de 100 Mbps","Internet de las cosas (IoT)","Sí","Al menos la mitaD","No","","Sí","Software de contabilidad;Software de facturación;Software de inventario;Software de gestión de clientes (CRM);Software de planificación de recursos empresariales (ERP)","Sí","Antivirus","Sí","Tienda online propia","Falta de conocimiento o información;Falta de personal capacitado;Incertidumbre sobre los beneficios"
"2024/04/17 9:19:35 p. m. GMT-5","","ModularCodes","Comercio","4","4000000","Sí","El matrimonio entre la tecnología y las empresas","Sí","Ambas","Más de 100 Mbps","Big Data y análisis de datos;Computación en la nube;Inteligencia artificial","No","0","No","","Sí","Software de gestión de clientes (CRM)","No","","No","","Falta de recursos financieros"
"2024/04/18 8:36:14 a. m. GMT-5","","ELECTROVID STORE","Comercio","1","3500000","Sí","Es un proceso por el cual se busca implementar los diferentes avances de la tecnología a las empresas","Sí","Ambas","Entre 10 Mbps y 100 Mbps","","Sí","1","Sí","Facebook;Instagram;TikTok ","Sí","Software de contabilidad;Software de facturación;Software de inventario;Software de gestión de clientes (CRM)","No","","Sí","Redes sociales","Falta de recursos financieros"
"2024/04/18 8:38:32 a. m. GMT-5","","RevolutionBike","Comercio","3","9000000","No","","Sí","Ambas","Entre 10 Mbps y 100 Mbps","","Sí","2","Sí","Facebook;Instagram","Sí","Software de contabilidad;Software de facturación;Software de inventario;Software de gestión de clientes (CRM)","No","","Sí","Redes sociales","Falta de conocimiento o información"
"2024/04/23 9:30:38 a. m. GMT-5","","Tecniservicios ","Comercio","4","40.000.000","No","","Sí","Conexión fija","","Programa contable ","Sí","Nose ","No","","Sí","Software de contabilidad;Software de facturación;Software de inventario","No","Antivirus","Sí","","Falta de conocimiento o información"
"2024/04/24 4:57:11 p. m. GMT-5","","tienda tecnologica HANXEL","Comercio","4","","Sí","tecnologias que ayudan en la mejora de procesos de la industria","Sí","Ambas","Entre 10 Mbps y 100 Mbps","no aplica","Sí","4","Sí","Facebook;Instagram;whatsapp","No","no aplica","No","no aplica","Sí","Redes sociales","Falta de conocimiento o información;Falta de recursos financieros;Falta de personal capacitado"
"2024/04/24 11:17:31 p. m. GMT-5",""," Gymforma","Comercio","1","1000000","No","","Sí","Conexión móvil","Entre 10 Mbps y 100 Mbps","","No","0","Sí","Facebook","No","","No","","No","","Falta de conocimiento o información;Falta de recursos financieros;Falta de personal capacitado;Incertidumbre sobre los beneficios;Regulación o legislación inadecuada"
"2024/05/08 10:49:40 p. m. GMT-5","davidsebastianocas@ufps.edu.co","BAYWATCH ","Comercio","3","8000000","No","","Sí","Conexión fija","Más de 100 Mbps","Ninguna","Sí","2","No","Facebook;Instagram","No","Ninguno","No","Ninguno","No","","Falta de conocimiento o información;Falta de recursos financieros;Falta de personal capacitado"
"2024/05/08 10:51:44 p. m. GMT-5","davidsebastianocas@ufps.edu.co","SOARCLEAN","Comercio","4","12000000","No","","Sí","Ambas","Más de 100 Mbps","Ninguna","Sí","2","Sí","Facebook;Instagram;Página web","Sí","Software de contabilidad;Software de facturación;Software de inventario","No","","Sí","Mercado","Falta de conocimiento o información;Falta de recursos financieros;Falta de personal capacitado"
"2024/05/08 10:52:47 p. m. GMT-5","davidsebastianocas@ufps.edu.co","MANGBOOM","Comercio","2","2500000","No","","No","Conexión móvil","Entre 10 Mbps y 100 Mbps","","No","2","Sí","Instagram","No","","No","","Sí","Tienda online propia;Redes sociales","Falta de conocimiento o información;Falta de recursos financieros;Falta de personal capacitado"
"2024/05/08 11:31:24 p. m. GMT-5","davidsebastianocas@ufps.edu.co","Supermercado Alejandro","Comercio","5 ó Más","24000000","No","","Sí","Ambas","Más de 100 Mbps","Ninguna","Sí","8","No","","Sí","Software de contabilidad;Software de facturación;Software de inventario;Software de gestión de clientes (CRM)","No","","Sí","Tienda online propia;Mercado","Falta de conocimiento o información;Falta de recursos financieros;Falta de personal capacitado;Incertidumbre sobre los beneficios"